match_upc,our_sku,product_name,our_price,currency,active
3497917000136,OWN-1001,Chips Paysanne,2.85,EUR,true
3450970002325,OWN-1002,Creme fraiche epaisse 30%,1.59,EUR,true
3523680438224,OWN-1003,Bio et equitable coffee,2.15,EUR,true
3451790563379,OWN-1004,Beurre demi-sel reduced fat,1.75,EUR,true
3274080001005,OWN-1005,Cristaline eau de source 6x1.5L,1.05,EUR,true
3450970024686,OWN-1006,Emmental rape,1.29,EUR,true
3289664113609,OWN-1007,Baguette,0.32,EUR,true
3450970006767,OWN-1008,Riz long,0.95,EUR,true
3083680482042,OWN-1009,Petits pois et carottes,1.39,EUR,true
3523230030793,OWN-1010,Beurre demi-sel,2.49,EUR,true
3017620422003,OWN-1011,Nutella,3.75,EUR,true
80861263,OWN-1012,Pate a tartiner,2.55,EUR,true
3560070976478,OWN-1013,Discontinued line,1.00,EUR,false
